<?xml version="1.0" encoding="UTF-8"?>
<!-- Foundation -->
<window id="128">
    <defaultcontrol always="true">9100</defaultcontrol>
    

    <controls>

        <control type="group">
            <include>GlobalOverlay</include>
        </control>
        <control type="group">
            <height>866</height>
            <width>1100</width>
            <include>DefDialogInfoPanel</include>
            
            <control type="label" id="1">
                <description>Header Label</description>
                <centerleft>50%</centerleft>
                <width>1000</width>
                <align>center</align>
                <label>5</label>
                <posy>15</posy>
                <font>MediumBold</font>
            </control>
            <control type="grouplist" id="9100">
                <description>Control Area</description>
                <left>15</left>
                <right>15</right>
                <top>100</top>
                <height>618</height>
                <itemgap>3</itemgap>
                <orientation>vertical</orientation>
                <pagecontrol>60</pagecontrol>
                <onleft>18</onleft>
                <onright>18</onright>
                <onup>18</onup>
                <ondown>18</ondown>
                <control type="spincontrolex" id="10">
                    <align>left</align>
                    <reverse>yes</reverse>
                    <label>1008</label>
                    <textcolor>Black70</textcolor>
                    <texturefocus colordiffuse="$VAR[ColorHighlight]" border="8">common/box.png</texturefocus>
                </control>
                <control type="edit" id="11">
                    <align>left</align>
                    <textcolor>Black70</textcolor>
                    <texturefocus colordiffuse="$VAR[ColorHighlight]" border="8">common/box.png</texturefocus>
                </control>
                <control type="button" id="12">
                    <align>left</align>
                    <label>1024</label>
                    <textcolor>Black70</textcolor>
                    <texturefocus colordiffuse="$VAR[ColorHighlight]" border="8">common/box.png</texturefocus>
                </control>
                <control type="edit" id="13">
                    <align>left</align>
                    <label>1013</label>
                    <textcolor>Black70</textcolor>
                    <texturefocus colordiffuse="$VAR[ColorHighlight]" border="8">common/box.png</texturefocus>
                </control>
                <control type="edit" id="14">
                    <align>left</align>
                    <label>1014</label>
                    <textcolor>Black70</textcolor>
                    <texturefocus colordiffuse="$VAR[ColorHighlight]" border="8">common/box.png</texturefocus>
                </control>
                <control type="edit" id="15">
                    <align>left</align>
                    <label>15052</label>
                    <textcolor>Black70</textcolor>
                    <texturefocus colordiffuse="$VAR[ColorHighlight]" border="8">common/box.png</texturefocus>
                </control>
                <control type="edit" id="16">
                    <align>left</align>
                    <textcolor>Black70</textcolor>
                    <texturefocus colordiffuse="$VAR[ColorHighlight]" border="8">common/box.png</texturefocus>
                </control>
            </control>
            
            <control type="button" id="18">
                <description>OK</description>
                <centerleft>33%</centerleft>
                <bottom>30</bottom>
                <width>270</width>
                <label>186</label>
                <onleft>19</onleft>
                <onright>19</onright>
                <onup>9100</onup>
                <ondown>9100</ondown>
                <font>Button</font>
                <texturefocus colordiffuse="$VAR[ColorHighlight]" border="5">common/box.png</texturefocus>
                <texturenofocus colordiffuse="Black12" border="5">common/box.png</texturenofocus>
            </control>
            <control type="button" id="19">
                <description>Cancel</description>
                <centerleft>66%</centerleft>
                <bottom>30</bottom>
                <width>270</width>
                <label>222</label>
                <onleft>18</onleft>
                <onright>18</onright>
                <onup>9100</onup>
                <ondown>9100</ondown>
                <font>Button</font>
                <texturefocus colordiffuse="$VAR[ColorHighlight]" border="5">common/box.png</texturefocus>
                <texturenofocus colordiffuse="Black12" border="5">common/box.png</texturenofocus>
            </control>

            

        </control>

    </controls>

</window>
