<?xml version="1.0" encoding="UTF-8"?>
<includes>
    <variable name="Defs_SpinnerTexture">
        <value condition="!IsEmpty(Skin.String(SkinHelper.SpinnerTexturePath)) + !IsEmpty(Skin.String(SkinHelper.SpinnerTexture)) + !StringCompare(Skin.String(SkinHelper.SpinnerTexturePath),None)">$INFO[Skin.String(SkinHelper.SpinnerTexturePath)]</value>
        <value>special://skin/extras/busy_spinners/Default</value>
    </variable>
    <include name="Defs_OptionButton">
        <width>364</width>
        <height>69</height>
        <textcolor>ListLabel</textcolor>
        <alttextcolor>Selected</alttextcolor>
        <selectedcolor>Selected</selectedcolor>
        <focusedcolor>Selected</focusedcolor>
        <font>Font-ListInfo-Small</font>
        <aligny>center</aligny>
        <textoffsetx>side</textoffsetx>
        <radioposx>320</radioposx>
        <texturenofocus colordiffuse="PosterBorder">common/white.png</texturenofocus>
        <texturefocus colordiffuse="$VAR[HighlightColor]">common/white.png</texturefocus>
        <alttexturenofocus colordiffuse="PosterBorder">common/white.png</alttexturenofocus>
        <alttexturefocus colordiffuse="$VAR[HighlightColor]">common/white.png</alttexturefocus>
    </include>
    <include name="Defs_OSDButton">
        <width>230</width>
        <height>48</height>
        <textcolor>ListLabel</textcolor>
        <selectedcolor>$VAR[HighlightColor]</selectedcolor>
        <focusedcolor>$VAR[HighlightColor]</focusedcolor>
        <font>Font-OSD</font>
        <aligny>center</aligny>
        <align>center</align>
        <textoffsetx>side</textoffsetx>
        <texturenofocus>noop</texturenofocus>
        <texturefocus>noop</texturefocus>
        <alttexturenofocus>noop</alttexturenofocus>
        <alttexturefocus>noop</alttexturefocus>
    </include>
    <include name="Defs_KeyboardButton">
        <width>110</width>
        <height>70</height>
        <textcolor>ListLabel</textcolor>
        <selectedcolor>Selected</selectedcolor>
        <focusedcolor>Selected</focusedcolor>
        <font>Font-ListInfo-Small</font>
        <aligny>center</aligny>
        <textoffsetx>side</textoffsetx>
        <radioposx>295</radioposx>
        <texturenofocus colordiffuse="PosterBorder">common/white.png</texturenofocus>
        <texturefocus colordiffuse="$VAR[HighlightColor]">common/white.png</texturefocus>
        <alttexturenofocus colordiffuse="PosterBorder">common/white.png</alttexturenofocus>
        <alttexturefocus colordiffuse="$VAR[HighlightColor]">common/white.png</alttexturefocus>
    </include>
    <variable name="Defs_Hub_Widget">
        <value condition="Window.IsVisible(1101) + !IsEmpty(Skin.String(Widget.1101))">$INFO[Skin.String(Widget.1101)]</value>
        <value condition="Window.IsVisible(1102) + !IsEmpty(Skin.String(Widget.1102))">$INFO[Skin.String(Widget.1102)]</value>
        <value condition="Window.IsVisible(1103) + !IsEmpty(Skin.String(Widget.1103))">$INFO[Skin.String(Widget.1103)]</value>
        <value condition="Window.IsVisible(1104) + !IsEmpty(Skin.String(Widget.1104))">$INFO[Skin.String(Widget.1104)]</value>
        <value condition="Window.IsVisible(1105) + !IsEmpty(Skin.String(Widget.1105))">$INFO[Skin.String(Widget.1105)]</value>
        <value condition="Window.IsVisible(1106) + !IsEmpty(Skin.String(Widget.1106))">$INFO[Skin.String(Widget.1106)]</value>
        <value condition="Window.IsVisible(1107) + !IsEmpty(Skin.String(Widget.1107))">$INFO[Skin.String(Widget.1107)]</value>
        <value condition="Window.IsVisible(1108) + !IsEmpty(Skin.String(Widget.1108))">$INFO[Skin.String(Widget.1108)]</value>
        <value condition="Window.IsVisible(1109) + !IsEmpty(Skin.String(Widget.1109))">$INFO[Skin.String(Widget.1109)]</value>
        <value condition="Window.IsVisible(1102)">special://skin/extras/playlists/RandomEpisodes.xsp</value>
        <value>special://skin/extras/playlists/RandomMovies.xsp</value>
    </variable>
    <variable name="Defs_HomeTileColor">
        <value condition="Skin.HasSetting(home.tilecolor) + !IsEmpty(Container(9000).ListItem.Property(tilecolor))">$INFO[Container(9000).ListItem.Property(tilecolor)]</value>
        <value condition="Skin.HasSetting(home.tilecolor) + !IsEmpty(Container(211).ListItem.Property(tilecolor))">$INFO[Container(211).ListItem.Property(tilecolor)]</value>
        <value>$VAR[HighlightColor]</value>
    </variable>

    <include name="Defs_Shortcuts_SetHub">
        <control type="button" id="$PARAM[buttonid2]" description="Set HUB WIDGET">
            <width>100%</width>
            <label>31097</label>
            <label2>$INFO[Skin.String(Widget.$PARAM[hubid].Label)]</label2>
            <visible>stringcompare(Window.Property(groupname),mainmenu)</visible>
            <visible>stringcompare(Container(211).ListItem.Label2,Hub $PARAM[hubid]) | stringcompare(Container(211).ListItem.Property(Path),ActivateWindow($PARAM[hubid]))</visible>
            <include>Defs_OptionButton</include>
            <onclick>RunScript(script.skinshortcuts,type=shortcuts&amp;grouping=widget&amp;skinList=Widget.$PARAM[hubid]&amp;skinLabel=Widget.$PARAM[hubid].Label)</onclick>
        </control>
        <control type="button" id="$PARAM[buttonid1]" description="Set HUB">
            <width>100%</width>
            <label>31096</label>
            <visible>stringcompare(Window.Property(groupname),mainmenu)</visible>
            <include>Defs_OptionButton</include>
            <visible>stringcompare(Container(211).ListItem.Label2,Hub $PARAM[hubid]) | stringcompare(Container(211).ListItem.Property(Path),ActivateWindow($PARAM[hubid]))</visible>
            <onclick>RunScript(script.skinshortcuts,type=manage&amp;group=x$PARAM[hubid])</onclick>
        </control>
    </include>
    <variable name="Defs_HomeWidget_Content">
        <value condition="Player.HasVideo + Skin.HasSetting(background.showvideo)">noop</value>
        <value condition="StringCompare(Container(9000).ListItem.Property(widget),Weather) + !IsEmpty(Skin.String(weather.fanart.path))">$INFO[Skin.String(weather.fanart.path)]$INFO[Window(Weather).Property(Current.FanartCode)]/</value>
        <value condition="!IsEmpty(Container(9000).ListItem.Property(Background))">noop</value>
        <value condition="StringCompare(Skin.String(home.fallbackwidget),Weather) + !IsEmpty(Skin.String(weather.fanart.path))">$INFO[Skin.String(weather.fanart.path)]$INFO[Window(Weather).Property(Current.FanartCode)]/</value>
        <value condition="!IsEmpty(Skin.String(home.fallbackwidget))">$INFO[Skin.String(home.fallbackwidget)]</value>
        <value>special://skin/extras/playlists/RandomMovies.xsp</value>
    </variable>
</includes>